Date,X_t,X_t-1,X_t-2,X_t-3,X_t-4,X_t-5,X_t-6,X_t-7,X_t-8,X_t-9,X_t-10,X_t-11,X_t-12,X_t-13,X_t-14,X_t-15,X_t-16,X_t-17,X_t-18,X_t-19,X_t-20,X_t-21,X_t-22,X_t-23,X_t-24,X_t-25,Pos_t-1,Neu_t-1,Neg_t-1
2017-06-14,67.19,67.11,66.95,67.63,67.44,67.09,66.9,67.42,66.72,64.93,65.09,65.31,65.17,65.17,65.07,65.2,64.93,65.36,65.55,65.41,64.34,64.52,64.84,64.9,64.81,65.15,,,
2017-06-15,67.77,67.19,67.11,66.95,67.63,67.44,67.09,66.9,67.42,66.72,64.93,65.09,65.31,65.17,65.17,65.07,65.2,64.93,65.36,65.55,65.41,64.34,64.52,64.84,64.9,64.81,,,
2017-06-16,68.57,67.77,67.19,67.11,66.95,67.63,67.44,67.09,66.9,67.42,66.72,64.93,65.09,65.31,65.17,65.17,65.07,65.2,64.93,65.36,65.55,65.41,64.34,64.52,64.84,64.9,,,
2017-06-19,68.13,68.57,67.77,67.19,67.11,66.95,67.63,67.44,67.09,66.9,67.42,66.72,64.93,65.09,65.31,65.17,65.17,65.07,65.2,64.93,65.36,65.55,65.41,64.34,64.52,64.84,,,
2017-06-20,68.16,68.13,68.57,67.77,67.19,67.11,66.95,67.63,67.44,67.09,66.9,67.42,66.72,64.93,65.09,65.31,65.17,65.17,65.07,65.2,64.93,65.36,65.55,65.41,64.34,64.52,,,
2017-06-21,68.01,68.16,68.13,68.57,67.77,67.19,67.11,66.95,67.63,67.44,67.09,66.9,67.42,66.72,64.93,65.09,65.31,65.17,65.17,65.07,65.2,64.93,65.36,65.55,65.41,64.34,,,
2017-06-22,67.04,68.01,68.16,68.13,68.57,67.77,67.19,67.11,66.95,67.63,67.44,67.09,66.9,67.42,66.72,64.93,65.09,65.31,65.17,65.17,65.07,65.2,64.93,65.36,65.55,65.41,,,
2017-06-23,67.21,67.04,68.01,68.16,68.13,68.57,67.77,67.19,67.11,66.95,67.63,67.44,67.09,66.9,67.42,66.72,64.93,65.09,65.31,65.17,65.17,65.07,65.2,64.93,65.36,65.55,,,
2017-06-26,67.14,67.21,67.04,68.01,68.16,68.13,68.57,67.77,67.19,67.11,66.95,67.63,67.44,67.09,66.9,67.42,66.72,64.93,65.09,65.31,65.17,65.17,65.07,65.2,64.93,65.36,,,
2017-06-27,66.41,67.14,67.21,67.04,68.01,68.16,68.13,68.57,67.77,67.19,67.11,66.95,67.63,67.44,67.09,66.9,67.42,66.72,64.93,65.09,65.31,65.17,65.17,65.07,65.2,64.93,,,
2017-06-28,66.37,66.41,67.14,67.21,67.04,68.01,68.16,68.13,68.57,67.77,67.19,67.11,66.95,67.63,67.44,67.09,66.9,67.42,66.72,64.93,65.09,65.31,65.17,65.17,65.07,65.2,,,
2017-06-29,66.3,66.37,66.41,67.14,67.21,67.04,68.01,68.16,68.13,68.57,67.77,67.19,67.11,66.95,67.63,67.44,67.09,66.9,67.42,66.72,64.93,65.09,65.31,65.17,65.17,65.07,,,
2017-06-30,65.83,66.3,66.37,66.41,67.14,67.21,67.04,68.01,68.16,68.13,68.57,67.77,67.19,67.11,66.95,67.63,67.44,67.09,66.9,67.42,66.72,64.93,65.09,65.31,65.17,65.17,,,
2017-07-03,66.57,65.83,66.3,66.37,66.41,67.14,67.21,67.04,68.01,68.16,68.13,68.57,67.77,67.19,67.11,66.95,67.63,67.44,67.09,66.9,67.42,66.72,64.93,65.09,65.31,65.17,,,
2017-07-04,66.57,66.57,65.83,66.3,66.37,66.41,67.14,67.21,67.04,68.01,68.16,68.13,68.57,67.77,67.19,67.11,66.95,67.63,67.44,67.09,66.9,67.42,66.72,64.93,65.09,65.31,,,
2017-07-05,66.78,66.57,66.57,65.83,66.3,66.37,66.41,67.14,67.21,67.04,68.01,68.16,68.13,68.57,67.77,67.19,67.11,66.95,67.63,67.44,67.09,66.9,67.42,66.72,64.93,65.09,,,
2017-07-06,64.89,66.78,66.57,66.57,65.83,66.3,66.37,66.41,67.14,67.21,67.04,68.01,68.16,68.13,68.57,67.77,67.19,67.11,66.95,67.63,67.44,67.09,66.9,67.42,66.72,64.93,,,
2017-07-07,64.98,64.89,66.78,66.57,66.57,65.83,66.3,66.37,66.41,67.14,67.21,67.04,68.01,68.16,68.13,68.57,67.77,67.19,67.11,66.95,67.63,67.44,67.09,66.9,67.42,66.72,,,
2017-07-10,64.73,64.98,64.89,66.78,66.57,66.57,65.83,66.3,66.37,66.41,67.14,67.21,67.04,68.01,68.16,68.13,68.57,67.77,67.19,67.11,66.95,67.63,67.44,67.09,66.9,67.42,,,
2017-07-11,64.41,64.73,64.98,64.89,66.78,66.57,66.57,65.83,66.3,66.37,66.41,67.14,67.21,67.04,68.01,68.16,68.13,68.57,67.77,67.19,67.11,66.95,67.63,67.44,67.09,66.9,,,
2017-07-12,65.05,64.41,64.73,64.98,64.89,66.78,66.57,66.57,65.83,66.3,66.37,66.41,67.14,67.21,67.04,68.01,68.16,68.13,68.57,67.77,67.19,67.11,66.95,67.63,67.44,67.09,,,
2017-07-13,65.01,65.05,64.41,64.73,64.98,64.89,66.78,66.57,66.57,65.83,66.3,66.37,66.41,67.14,67.21,67.04,68.01,68.16,68.13,68.57,67.77,67.19,67.11,66.95,67.63,67.44,,,
2017-07-14,65.46,65.01,65.05,64.41,64.73,64.98,64.89,66.78,66.57,66.57,65.83,66.3,66.37,66.41,67.14,67.21,67.04,68.01,68.16,68.13,68.57,67.77,67.19,67.11,66.95,67.63,,,
2017-07-17,66.25,65.46,65.01,65.05,64.41,64.73,64.98,64.89,66.78,66.57,66.57,65.83,66.3,66.37,66.41,67.14,67.21,67.04,68.01,68.16,68.13,68.57,67.77,67.19,67.11,66.95,,,
2017-07-18,66.05,66.25,65.46,65.01,65.05,64.41,64.73,64.98,64.89,66.78,66.57,66.57,65.83,66.3,66.37,66.41,67.14,67.21,67.04,68.01,68.16,68.13,68.57,67.77,67.19,67.11,,,
2017-07-19,67.16,66.05,66.25,65.46,65.01,65.05,64.41,64.73,64.98,64.89,66.78,66.57,66.57,65.83,66.3,66.37,66.41,67.14,67.21,67.04,68.01,68.16,68.13,68.57,67.77,67.19,,,
2017-07-20,67.16,67.16,66.05,66.25,65.46,65.01,65.05,64.41,64.73,64.98,64.89,66.78,66.57,66.57,65.83,66.3,66.37,66.41,67.14,67.21,67.04,68.01,68.16,68.13,68.57,67.77,,,
2017-07-21,67.16,67.16,67.16,66.05,66.25,65.46,65.01,65.05,64.41,64.73,64.98,64.89,66.78,66.57,66.57,65.83,66.3,66.37,66.41,67.14,67.21,67.04,68.01,68.16,68.13,68.57,,,
2017-07-24,66.65,67.16,67.16,67.16,66.05,66.25,65.46,65.01,65.05,64.41,64.73,64.98,64.89,66.78,66.57,66.57,65.83,66.3,66.37,66.41,67.14,67.21,67.04,68.01,68.16,68.13,,,
2017-07-25,66.07,66.65,67.16,67.16,67.16,66.05,66.25,65.46,65.01,65.05,64.41,64.73,64.98,64.89,66.78,66.57,66.57,65.83,66.3,66.37,66.41,67.14,67.21,67.04,68.01,68.16,,,
2017-07-26,67.36,66.07,66.65,67.16,67.16,67.16,66.05,66.25,65.46,65.01,65.05,64.41,64.73,64.98,64.89,66.78,66.57,66.57,65.83,66.3,66.37,66.41,67.14,67.21,67.04,68.01,,,
2017-07-27,67.5,67.36,66.07,66.65,67.16,67.16,67.16,66.05,66.25,65.46,65.01,65.05,64.41,64.73,64.98,64.89,66.78,66.57,66.57,65.83,66.3,66.37,66.41,67.14,67.21,67.04,,,
2017-07-28,67.71,67.5,67.36,66.07,66.65,67.16,67.16,67.16,66.05,66.25,65.46,65.01,65.05,64.41,64.73,64.98,64.89,66.78,66.57,66.57,65.83,66.3,66.37,66.41,67.14,67.21,0.0,0.811,0.189
2017-07-31,68.06,67.71,67.5,67.36,66.07,66.65,67.16,67.16,67.16,66.05,66.25,65.46,65.01,65.05,64.41,64.73,64.98,64.89,66.78,66.57,66.57,65.83,66.3,66.37,66.41,67.14,,,
2017-08-01,67.84,68.06,67.71,67.5,67.36,66.07,66.65,67.16,67.16,67.16,66.05,66.25,65.46,65.01,65.05,64.41,64.73,64.98,64.89,66.78,66.57,66.57,65.83,66.3,66.37,66.41,,,
2017-08-02,67.76,67.84,68.06,67.71,67.5,67.36,66.07,66.65,67.16,67.16,67.16,66.05,66.25,65.46,65.01,65.05,64.41,64.73,64.98,64.89,66.78,66.57,66.57,65.83,66.3,66.37,,,
2017-08-03,67.3,67.76,67.84,68.06,67.71,67.5,67.36,66.07,66.65,67.16,67.16,67.16,66.05,66.25,65.46,65.01,65.05,64.41,64.73,64.98,64.89,66.78,66.57,66.57,65.83,66.3,,,
2017-08-04,67.32,67.3,67.76,67.84,68.06,67.71,67.5,67.36,66.07,66.65,67.16,67.16,67.16,66.05,66.25,65.46,65.01,65.05,64.41,64.73,64.98,64.89,66.78,66.57,66.57,65.83,,,
2017-08-07,67.24,67.32,67.3,67.76,67.84,68.06,67.71,67.5,67.36,66.07,66.65,67.16,67.16,67.16,66.05,66.25,65.46,65.01,65.05,64.41,64.73,64.98,64.89,66.78,66.57,66.57,,,
2017-08-08,67.15,67.24,67.32,67.3,67.76,67.84,68.06,67.71,67.5,67.36,66.07,66.65,67.16,67.16,67.16,66.05,66.25,65.46,65.01,65.05,64.41,64.73,64.98,64.89,66.78,66.57,,,
2017-08-09,67.35,67.15,67.24,67.32,67.3,67.76,67.84,68.06,67.71,67.5,67.36,66.07,66.65,67.16,67.16,67.16,66.05,66.25,65.46,65.01,65.05,64.41,64.73,64.98,64.89,66.78,,,
2017-08-10,67.08,67.35,67.15,67.24,67.32,67.3,67.76,67.84,68.06,67.71,67.5,67.36,66.07,66.65,67.16,67.16,67.16,66.05,66.25,65.46,65.01,65.05,64.41,64.73,64.98,64.89,,,
2017-08-11,66.98,67.08,67.35,67.15,67.24,67.32,67.3,67.76,67.84,68.06,67.71,67.5,67.36,66.07,66.65,67.16,67.16,67.16,66.05,66.25,65.46,65.01,65.05,64.41,64.73,64.98,,,
2017-08-14,67.98,66.98,67.08,67.35,67.15,67.24,67.32,67.3,67.76,67.84,68.06,67.71,67.5,67.36,66.07,66.65,67.16,67.16,67.16,66.05,66.25,65.46,65.01,65.05,64.41,64.73,,,
2017-08-15,68.31,67.98,66.98,67.08,67.35,67.15,67.24,67.32,67.3,67.76,67.84,68.06,67.71,67.5,67.36,66.07,66.65,67.16,67.16,67.16,66.05,66.25,65.46,65.01,65.05,64.41,,,
2017-08-16,67.91,68.31,67.98,66.98,67.08,67.35,67.15,67.24,67.32,67.3,67.76,67.84,68.06,67.71,67.5,67.36,66.07,66.65,67.16,67.16,67.16,66.05,66.25,65.46,65.01,65.05,,,
2017-08-17,67.65,67.91,68.31,67.98,66.98,67.08,67.35,67.15,67.24,67.32,67.3,67.76,67.84,68.06,67.71,67.5,67.36,66.07,66.65,67.16,67.16,67.16,66.05,66.25,65.46,65.01,,,
2017-08-18,67.17,67.65,67.91,68.31,67.98,66.98,67.08,67.35,67.15,67.24,67.32,67.3,67.76,67.84,68.06,67.71,67.5,67.36,66.07,66.65,67.16,67.16,67.16,66.05,66.25,65.46,,,
2017-08-21,67.77,67.17,67.65,67.91,68.31,67.98,66.98,67.08,67.35,67.15,67.24,67.32,67.3,67.76,67.84,68.06,67.71,67.5,67.36,66.07,66.65,67.16,67.16,67.16,66.05,66.25,,,
2017-08-22,67.74,67.77,67.17,67.65,67.91,68.31,67.98,66.98,67.08,67.35,67.15,67.24,67.32,67.3,67.76,67.84,68.06,67.71,67.5,67.36,66.07,66.65,67.16,67.16,67.16,66.05,,,
2017-08-23,67.98,67.74,67.77,67.17,67.65,67.91,68.31,67.98,66.98,67.08,67.35,67.15,67.24,67.32,67.3,67.76,67.84,68.06,67.71,67.5,67.36,66.07,66.65,67.16,67.16,67.16,,,
2017-08-24,67.97,67.98,67.74,67.77,67.17,67.65,67.91,68.31,67.98,66.98,67.08,67.35,67.15,67.24,67.32,67.3,67.76,67.84,68.06,67.71,67.5,67.36,66.07,66.65,67.16,67.16,,,
2017-08-25,67.94,67.97,67.98,67.74,67.77,67.17,67.65,67.91,68.31,67.98,66.98,67.08,67.35,67.15,67.24,67.32,67.3,67.76,67.84,68.06,67.71,67.5,67.36,66.07,66.65,67.16,,,
2017-08-28,67.37,67.94,67.97,67.98,67.74,67.77,67.17,67.65,67.91,68.31,67.98,66.98,67.08,67.35,67.15,67.24,67.32,67.3,67.76,67.84,68.06,67.71,67.5,67.36,66.07,66.65,,,
2017-08-29,67.15,67.37,67.94,67.97,67.98,67.74,67.77,67.17,67.65,67.91,68.31,67.98,66.98,67.08,67.35,67.15,67.24,67.32,67.3,67.76,67.84,68.06,67.71,67.5,67.36,66.07,,,
2017-08-30,67.31,67.15,67.37,67.94,67.97,67.98,67.74,67.77,67.17,67.65,67.91,68.31,67.98,66.98,67.08,67.35,67.15,67.24,67.32,67.3,67.76,67.84,68.06,67.71,67.5,67.36,,,
2017-08-31,67.15,67.31,67.15,67.37,67.94,67.97,67.98,67.74,67.77,67.17,67.65,67.91,68.31,67.98,66.98,67.08,67.35,67.15,67.24,67.32,67.3,67.76,67.84,68.06,67.71,67.5,,,
2017-09-01,66.99,67.15,67.31,67.15,67.37,67.94,67.97,67.98,67.74,67.77,67.17,67.65,67.91,68.31,67.98,66.98,67.08,67.35,67.15,67.24,67.32,67.3,67.76,67.84,68.06,67.71,,,
2017-09-04,66.99,66.99,67.15,67.31,67.15,67.37,67.94,67.97,67.98,67.74,67.77,67.17,67.65,67.91,68.31,67.98,66.98,67.08,67.35,67.15,67.24,67.32,67.3,67.76,67.84,68.06,,,
2017-09-05,67.14,66.99,66.99,67.15,67.31,67.15,67.37,67.94,67.97,67.98,67.74,67.77,67.17,67.65,67.91,68.31,67.98,66.98,67.08,67.35,67.15,67.24,67.32,67.3,67.76,67.84,,,
2017-09-06,67.22,67.14,66.99,66.99,67.15,67.31,67.15,67.37,67.94,67.97,67.98,67.74,67.77,67.17,67.65,67.91,68.31,67.98,66.98,67.08,67.35,67.15,67.24,67.32,67.3,67.76,,,
2017-09-07,67.72,67.22,67.14,66.99,66.99,67.15,67.31,67.15,67.37,67.94,67.97,67.98,67.74,67.77,67.17,67.65,67.91,68.31,67.98,66.98,67.08,67.35,67.15,67.24,67.32,67.3,,,
2017-09-08,68.09,67.72,67.22,67.14,66.99,66.99,67.15,67.31,67.15,67.37,67.94,67.97,67.98,67.74,67.77,67.17,67.65,67.91,68.31,67.98,66.98,67.08,67.35,67.15,67.24,67.32,,,
2017-09-11,68.61,68.09,67.72,67.22,67.14,66.99,66.99,67.15,67.31,67.15,67.37,67.94,67.97,67.98,67.74,67.77,67.17,67.65,67.91,68.31,67.98,66.98,67.08,67.35,67.15,67.24,,,
2017-09-12,67.61,68.61,68.09,67.72,67.22,67.14,66.99,66.99,67.15,67.31,67.15,67.37,67.94,67.97,67.98,67.74,67.77,67.17,67.65,67.91,68.31,67.98,66.98,67.08,67.35,67.15,,,
2017-09-13,67.31,67.61,68.61,68.09,67.72,67.22,67.14,66.99,66.99,67.15,67.31,67.15,67.37,67.94,67.97,67.98,67.74,67.77,67.17,67.65,67.91,68.31,67.98,66.98,67.08,67.35,,,
2017-09-14,67.39,67.31,67.61,68.61,68.09,67.72,67.22,67.14,66.99,66.99,67.15,67.31,67.15,67.37,67.94,67.97,67.98,67.74,67.77,67.17,67.65,67.91,68.31,67.98,66.98,67.08,,,
2017-09-15,67.88,67.39,67.31,67.61,68.61,68.09,67.72,67.22,67.14,66.99,66.99,67.15,67.31,67.15,67.37,67.94,67.97,67.98,67.74,67.77,67.17,67.65,67.91,68.31,67.98,66.98,,,
2017-09-18,67.34,67.88,67.39,67.31,67.61,68.61,68.09,67.72,67.22,67.14,66.99,66.99,67.15,67.31,67.15,67.37,67.94,67.97,67.98,67.74,67.77,67.17,67.65,67.91,68.31,67.98,,,
2017-09-19,66.83,67.34,67.88,67.39,67.31,67.61,68.61,68.09,67.72,67.22,67.14,66.99,66.99,67.15,67.31,67.15,67.37,67.94,67.97,67.98,67.74,67.77,67.17,67.65,67.91,68.31,,,
2017-09-20,66.72,66.83,67.34,67.88,67.39,67.31,67.61,68.61,68.09,67.72,67.22,67.14,66.99,66.99,67.15,67.31,67.15,67.37,67.94,67.97,67.98,67.74,67.77,67.17,67.65,67.91,,,
2017-09-21,66.47,66.72,66.83,67.34,67.88,67.39,67.31,67.61,68.61,68.09,67.72,67.22,67.14,66.99,66.99,67.15,67.31,67.15,67.37,67.94,67.97,67.98,67.74,67.77,67.17,67.65,,,
2017-09-22,65.88,66.47,66.72,66.83,67.34,67.88,67.39,67.31,67.61,68.61,68.09,67.72,67.22,67.14,66.99,66.99,67.15,67.31,67.15,67.37,67.94,67.97,67.98,67.74,67.77,67.17,,,
2017-09-25,66.08,65.88,66.47,66.72,66.83,67.34,67.88,67.39,67.31,67.61,68.61,68.09,67.72,67.22,67.14,66.99,66.99,67.15,67.31,67.15,67.37,67.94,67.97,67.98,67.74,67.77,,,
2017-09-26,66.03,66.08,65.88,66.47,66.72,66.83,67.34,67.88,67.39,67.31,67.61,68.61,68.09,67.72,67.22,67.14,66.99,66.99,67.15,67.31,67.15,67.37,67.94,67.97,67.98,67.74,,,
2017-09-27,65.62,66.03,66.08,65.88,66.47,66.72,66.83,67.34,67.88,67.39,67.31,67.61,68.61,68.09,67.72,67.22,67.14,66.99,66.99,67.15,67.31,67.15,67.37,67.94,67.97,67.98,,,
2017-09-28,65.84,65.62,66.03,66.08,65.88,66.47,66.72,66.83,67.34,67.88,67.39,67.31,67.61,68.61,68.09,67.72,67.22,67.14,66.99,66.99,67.15,67.31,67.15,67.37,67.94,67.97,,,
2017-09-29,65.93,65.84,65.62,66.03,66.08,65.88,66.47,66.72,66.83,67.34,67.88,67.39,67.31,67.61,68.61,68.09,67.72,67.22,67.14,66.99,66.99,67.15,67.31,67.15,67.37,67.94,,,
2017-10-02,65.6,65.93,65.84,65.62,66.03,66.08,65.88,66.47,66.72,66.83,67.34,67.88,67.39,67.31,67.61,68.61,68.09,67.72,67.22,67.14,66.99,66.99,67.15,67.31,67.15,67.37,,,
2017-10-03,65.55,65.6,65.93,65.84,65.62,66.03,66.08,65.88,66.47,66.72,66.83,67.34,67.88,67.39,67.31,67.61,68.61,68.09,67.72,67.22,67.14,66.99,66.99,67.15,67.31,67.15,,,
2017-10-04,66.52,65.55,65.6,65.93,65.84,65.62,66.03,66.08,65.88,66.47,66.72,66.83,67.34,67.88,67.39,67.31,67.61,68.61,68.09,67.72,67.22,67.14,66.99,66.99,67.15,67.31,,,
2017-10-05,66.57,66.52,65.55,65.6,65.93,65.84,65.62,66.03,66.08,65.88,66.47,66.72,66.83,67.34,67.88,67.39,67.31,67.61,68.61,68.09,67.72,67.22,67.14,66.99,66.99,67.15,,,
2017-10-06,66.42,66.57,66.52,65.55,65.6,65.93,65.84,65.62,66.03,66.08,65.88,66.47,66.72,66.83,67.34,67.88,67.39,67.31,67.61,68.61,68.09,67.72,67.22,67.14,66.99,66.99,,,
2017-10-09,66.44,66.42,66.57,66.52,65.55,65.6,65.93,65.84,65.62,66.03,66.08,65.88,66.47,66.72,66.83,67.34,67.88,67.39,67.31,67.61,68.61,68.09,67.72,67.22,67.14,66.99,,,
2017-10-10,66.4,66.44,66.42,66.57,66.52,65.55,65.6,65.93,65.84,65.62,66.03,66.08,65.88,66.47,66.72,66.83,67.34,67.88,67.39,67.31,67.61,68.61,68.09,67.72,67.22,67.14,,,
2017-10-11,66.47,66.4,66.44,66.42,66.57,66.52,65.55,65.6,65.93,65.84,65.62,66.03,66.08,65.88,66.47,66.72,66.83,67.34,67.88,67.39,67.31,67.61,68.61,68.09,67.72,67.22,,,
2017-10-12,67.23,66.47,66.4,66.44,66.42,66.57,66.52,65.55,65.6,65.93,65.84,65.62,66.03,66.08,65.88,66.47,66.72,66.83,67.34,67.88,67.39,67.31,67.61,68.61,68.09,67.72,,,
2017-10-13,67.49,67.23,66.47,66.4,66.44,66.42,66.57,66.52,65.55,65.6,65.93,65.84,65.62,66.03,66.08,65.88,66.47,66.72,66.83,67.34,67.88,67.39,67.31,67.61,68.61,68.09,,,
2017-10-16,67.27,67.49,67.23,66.47,66.4,66.44,66.42,66.57,66.52,65.55,65.6,65.93,65.84,65.62,66.03,66.08,65.88,66.47,66.72,66.83,67.34,67.88,67.39,67.31,67.61,68.61,,,
2017-10-17,66.88,67.27,67.49,67.23,66.47,66.4,66.44,66.42,66.57,66.52,65.55,65.6,65.93,65.84,65.62,66.03,66.08,65.88,66.47,66.72,66.83,67.34,67.88,67.39,67.31,67.61,,,
2017-10-18,66.72,66.88,67.27,67.49,67.23,66.47,66.4,66.44,66.42,66.57,66.52,65.55,65.6,65.93,65.84,65.62,66.03,66.08,65.88,66.47,66.72,66.83,67.34,67.88,67.39,67.31,,,
2017-10-19,66.06,66.72,66.88,67.27,67.49,67.23,66.47,66.4,66.44,66.42,66.57,66.52,65.55,65.6,65.93,65.84,65.62,66.03,66.08,65.88,66.47,66.72,66.83,67.34,67.88,67.39,,,
2017-10-20,66.14,66.06,66.72,66.88,67.27,67.49,67.23,66.47,66.4,66.44,66.42,66.57,66.52,65.55,65.6,65.93,65.84,65.62,66.03,66.08,65.88,66.47,66.72,66.83,67.34,67.88,,,
2017-10-23,66.67,66.14,66.06,66.72,66.88,67.27,67.49,67.23,66.47,66.4,66.44,66.42,66.57,66.52,65.55,65.6,65.93,65.84,65.62,66.03,66.08,65.88,66.47,66.72,66.83,67.34,,,
2017-10-24,65.79,66.67,66.14,66.06,66.72,66.88,67.27,67.49,67.23,66.47,66.4,66.44,66.42,66.57,66.52,65.55,65.6,65.93,65.84,65.62,66.03,66.08,65.88,66.47,66.72,66.83,,,
2017-10-25,66.88,65.79,66.67,66.14,66.06,66.72,66.88,67.27,67.49,67.23,66.47,66.4,66.44,66.42,66.57,66.52,65.55,65.6,65.93,65.84,65.62,66.03,66.08,65.88,66.47,66.72,,,
2017-10-26,67.15,66.88,65.79,66.67,66.14,66.06,66.72,66.88,67.27,67.49,67.23,66.47,66.4,66.44,66.42,66.57,66.52,65.55,65.6,65.93,65.84,65.62,66.03,66.08,65.88,66.47,,,
2017-10-27,67.65,67.15,66.88,65.79,66.67,66.14,66.06,66.72,66.88,67.27,67.49,67.23,66.47,66.4,66.44,66.42,66.57,66.52,65.55,65.6,65.93,65.84,65.62,66.03,66.08,65.88,,,
2017-10-30,67.02,67.65,67.15,66.88,65.79,66.67,66.14,66.06,66.72,66.88,67.27,67.49,67.23,66.47,66.4,66.44,66.42,66.57,66.52,65.55,65.6,65.93,65.84,65.62,66.03,66.08,,,
2017-10-31,67.26,67.02,67.65,67.15,66.88,65.79,66.67,66.14,66.06,66.72,66.88,67.27,67.49,67.23,66.47,66.4,66.44,66.42,66.57,66.52,65.55,65.6,65.93,65.84,65.62,66.03,,,
2017-11-01,67.81,67.26,67.02,67.65,67.15,66.88,65.79,66.67,66.14,66.06,66.72,66.88,67.27,67.49,67.23,66.47,66.4,66.44,66.42,66.57,66.52,65.55,65.6,65.93,65.84,65.62,,,
2017-11-02,66.85,67.81,67.26,67.02,67.65,67.15,66.88,65.79,66.67,66.14,66.06,66.72,66.88,67.27,67.49,67.23,66.47,66.4,66.44,66.42,66.57,66.52,65.55,65.6,65.93,65.84,,,
2017-11-03,68.21,66.85,67.81,67.26,67.02,67.65,67.15,66.88,65.79,66.67,66.14,66.06,66.72,66.88,67.27,67.49,67.23,66.47,66.4,66.44,66.42,66.57,66.52,65.55,65.6,65.93,,,
2017-11-06,69.21,68.21,66.85,67.81,67.26,67.02,67.65,67.15,66.88,65.79,66.67,66.14,66.06,66.72,66.88,67.27,67.49,67.23,66.47,66.4,66.44,66.42,66.57,66.52,65.55,65.6,,,
2017-11-07,69.56,69.21,68.21,66.85,67.81,67.26,67.02,67.65,67.15,66.88,65.79,66.67,66.14,66.06,66.72,66.88,67.27,67.49,67.23,66.47,66.4,66.44,66.42,66.57,66.52,65.55,,,
2017-11-08,70.37,69.56,69.21,68.21,66.85,67.81,67.26,67.02,67.65,67.15,66.88,65.79,66.67,66.14,66.06,66.72,66.88,67.27,67.49,67.23,66.47,66.4,66.44,66.42,66.57,66.52,,,
2017-11-09,69.88,70.37,69.56,69.21,68.21,66.85,67.81,67.26,67.02,67.65,67.15,66.88,65.79,66.67,66.14,66.06,66.72,66.88,67.27,67.49,67.23,66.47,66.4,66.44,66.42,66.57,,,
2017-11-10,69.25,69.88,70.37,69.56,69.21,68.21,66.85,67.81,67.26,67.02,67.65,67.15,66.88,65.79,66.67,66.14,66.06,66.72,66.88,67.27,67.49,67.23,66.47,66.4,66.44,66.42,,,
2017-11-13,70.15,69.25,69.88,70.37,69.56,69.21,68.21,66.85,67.81,67.26,67.02,67.65,67.15,66.88,65.79,66.67,66.14,66.06,66.72,66.88,67.27,67.49,67.23,66.47,66.4,66.44,,,
2017-11-14,69.98,70.15,69.25,69.88,70.37,69.56,69.21,68.21,66.85,67.81,67.26,67.02,67.65,67.15,66.88,65.79,66.67,66.14,66.06,66.72,66.88,67.27,67.49,67.23,66.47,66.4,,,
2017-11-15,69.03,69.98,70.15,69.25,69.88,70.37,69.56,69.21,68.21,66.85,67.81,67.26,67.02,67.65,67.15,66.88,65.79,66.67,66.14,66.06,66.72,66.88,67.27,67.49,67.23,66.47,,,
2017-11-16,69.22,69.03,69.98,70.15,69.25,69.88,70.37,69.56,69.21,68.21,66.85,67.81,67.26,67.02,67.65,67.15,66.88,65.79,66.67,66.14,66.06,66.72,66.88,67.27,67.49,67.23,,,
2017-11-17,68.32,69.22,69.03,69.98,70.15,69.25,69.88,70.37,69.56,69.21,68.21,66.85,67.81,67.26,67.02,67.65,67.15,66.88,65.79,66.67,66.14,66.06,66.72,66.88,67.27,67.49,,,
2017-11-20,67.92,68.32,69.22,69.03,69.98,70.15,69.25,69.88,70.37,69.56,69.21,68.21,66.85,67.81,67.26,67.02,67.65,67.15,66.88,65.79,66.67,66.14,66.06,66.72,66.88,67.27,,,
2017-11-21,68.1,67.92,68.32,69.22,69.03,69.98,70.15,69.25,69.88,70.37,69.56,69.21,68.21,66.85,67.81,67.26,67.02,67.65,67.15,66.88,65.79,66.67,66.14,66.06,66.72,66.88,,,
2017-11-22,68.14,68.1,67.92,68.32,69.22,69.03,69.98,70.15,69.25,69.88,70.37,69.56,69.21,68.21,66.85,67.81,67.26,67.02,67.65,67.15,66.88,65.79,66.67,66.14,66.06,66.72,,,
2017-11-23,68.14,68.14,68.1,67.92,68.32,69.22,69.03,69.98,70.15,69.25,69.88,70.37,69.56,69.21,68.21,66.85,67.81,67.26,67.02,67.65,67.15,66.88,65.79,66.67,66.14,66.06,,,
2017-11-24,68.21,68.14,68.14,68.1,67.92,68.32,69.22,69.03,69.98,70.15,69.25,69.88,70.37,69.56,69.21,68.21,66.85,67.81,67.26,67.02,67.65,67.15,66.88,65.79,66.67,66.14,,,
2017-11-27,67.63,68.21,68.14,68.14,68.1,67.92,68.32,69.22,69.03,69.98,70.15,69.25,69.88,70.37,69.56,69.21,68.21,66.85,67.81,67.26,67.02,67.65,67.15,66.88,65.79,66.67,,,
2017-11-28,66.9,67.63,68.21,68.14,68.14,68.1,67.92,68.32,69.22,69.03,69.98,70.15,69.25,69.88,70.37,69.56,69.21,68.21,66.85,67.81,67.26,67.02,67.65,67.15,66.88,65.79,,,
2017-11-29,66.74,66.9,67.63,68.21,68.14,68.14,68.1,67.92,68.32,69.22,69.03,69.98,70.15,69.25,69.88,70.37,69.56,69.21,68.21,66.85,67.81,67.26,67.02,67.65,67.15,66.88,,,
2017-11-30,66.82,66.74,66.9,67.63,68.21,68.14,68.14,68.1,67.92,68.32,69.22,69.03,69.98,70.15,69.25,69.88,70.37,69.56,69.21,68.21,66.85,67.81,67.26,67.02,67.65,67.15,,,
2017-12-01,66.53,66.82,66.74,66.9,67.63,68.21,68.14,68.14,68.1,67.92,68.32,69.22,69.03,69.98,70.15,69.25,69.88,70.37,69.56,69.21,68.21,66.85,67.81,67.26,67.02,67.65,,,
2017-12-04,66.3,66.53,66.82,66.74,66.9,67.63,68.21,68.14,68.14,68.1,67.92,68.32,69.22,69.03,69.98,70.15,69.25,69.88,70.37,69.56,69.21,68.21,66.85,67.81,67.26,67.02,,,
2017-12-05,65.51,66.3,66.53,66.82,66.74,66.9,67.63,68.21,68.14,68.14,68.1,67.92,68.32,69.22,69.03,69.98,70.15,69.25,69.88,70.37,69.56,69.21,68.21,66.85,67.81,67.26,,,
2017-12-06,65.4,65.51,66.3,66.53,66.82,66.74,66.9,67.63,68.21,68.14,68.14,68.1,67.92,68.32,69.22,69.03,69.98,70.15,69.25,69.88,70.37,69.56,69.21,68.21,66.85,67.81,,,
2017-12-07,65.15,65.4,65.51,66.3,66.53,66.82,66.74,66.9,67.63,68.21,68.14,68.14,68.1,67.92,68.32,69.22,69.03,69.98,70.15,69.25,69.88,70.37,69.56,69.21,68.21,66.85,,,
2017-12-08,65.81,65.15,65.4,65.51,66.3,66.53,66.82,66.74,66.9,67.63,68.21,68.14,68.14,68.1,67.92,68.32,69.22,69.03,69.98,70.15,69.25,69.88,70.37,69.56,69.21,68.21,,,
2017-12-11,65.92,65.81,65.15,65.4,65.51,66.3,66.53,66.82,66.74,66.9,67.63,68.21,68.14,68.14,68.1,67.92,68.32,69.22,69.03,69.98,70.15,69.25,69.88,70.37,69.56,69.21,,,
2017-12-12,66.3,65.92,65.81,65.15,65.4,65.51,66.3,66.53,66.82,66.74,66.9,67.63,68.21,68.14,68.14,68.1,67.92,68.32,69.22,69.03,69.98,70.15,69.25,69.88,70.37,69.56,,,
2017-12-13,65.63,66.3,65.92,65.81,65.15,65.4,65.51,66.3,66.53,66.82,66.74,66.9,67.63,68.21,68.14,68.14,68.1,67.92,68.32,69.22,69.03,69.98,70.15,69.25,69.88,70.37,,,
2017-12-14,65.4,65.63,66.3,65.92,65.81,65.15,65.4,65.51,66.3,66.53,66.82,66.74,66.9,67.63,68.21,68.14,68.14,68.1,67.92,68.32,69.22,69.03,69.98,70.15,69.25,69.88,,,
2017-12-15,65.66,65.4,65.63,66.3,65.92,65.81,65.15,65.4,65.51,66.3,66.53,66.82,66.74,66.9,67.63,68.21,68.14,68.14,68.1,67.92,68.32,69.22,69.03,69.98,70.15,69.25,,,
2017-12-18,65.6,65.66,65.4,65.63,66.3,65.92,65.81,65.15,65.4,65.51,66.3,66.53,66.82,66.74,66.9,67.63,68.21,68.14,68.14,68.1,67.92,68.32,69.22,69.03,69.98,70.15,,,
2017-12-19,64.3,65.6,65.66,65.4,65.63,66.3,65.92,65.81,65.15,65.4,65.51,66.3,66.53,66.82,66.74,66.9,67.63,68.21,68.14,68.14,68.1,67.92,68.32,69.22,69.03,69.98,,,
2017-12-20,63.81,64.3,65.6,65.66,65.4,65.63,66.3,65.92,65.81,65.15,65.4,65.51,66.3,66.53,66.82,66.74,66.9,67.63,68.21,68.14,68.14,68.1,67.92,68.32,69.22,69.03,,,
2017-12-21,63.39,63.81,64.3,65.6,65.66,65.4,65.63,66.3,65.92,65.81,65.15,65.4,65.51,66.3,66.53,66.82,66.74,66.9,67.63,68.21,68.14,68.14,68.1,67.92,68.32,69.22,,,
2017-12-22,63.8,63.39,63.81,64.3,65.6,65.66,65.4,65.63,66.3,65.92,65.81,65.15,65.4,65.51,66.3,66.53,66.82,66.74,66.9,67.63,68.21,68.14,68.14,68.1,67.92,68.32,,,
2017-12-25,63.8,63.8,63.39,63.81,64.3,65.6,65.66,65.4,65.63,66.3,65.92,65.81,65.15,65.4,65.51,66.3,66.53,66.82,66.74,66.9,67.63,68.21,68.14,68.14,68.1,67.92,,,
2017-12-26,64.1,63.8,63.8,63.39,63.81,64.3,65.6,65.66,65.4,65.63,66.3,65.92,65.81,65.15,65.4,65.51,66.3,66.53,66.82,66.74,66.9,67.63,68.21,68.14,68.14,68.1,,,
2017-12-27,64.08,64.1,63.8,63.8,63.39,63.81,64.3,65.6,65.66,65.4,65.63,66.3,65.92,65.81,65.15,65.4,65.51,66.3,66.53,66.82,66.74,66.9,67.63,68.21,68.14,68.14,,,
2017-12-28,64.25,64.08,64.1,63.8,63.8,63.39,63.81,64.3,65.6,65.66,65.4,65.63,66.3,65.92,65.81,65.15,65.4,65.51,66.3,66.53,66.82,66.74,66.9,67.63,68.21,68.14,,,
2017-12-29,63.77,64.25,64.08,64.1,63.8,63.8,63.39,63.81,64.3,65.6,65.66,65.4,65.63,66.3,65.92,65.81,65.15,65.4,65.51,66.3,66.53,66.82,66.74,66.9,67.63,68.21,,,
2018-01-01,63.77,63.77,64.25,64.08,64.1,63.8,63.8,63.39,63.81,64.3,65.6,65.66,65.4,65.63,66.3,65.92,65.81,65.15,65.4,65.51,66.3,66.53,66.82,66.74,66.9,67.63,,,
2018-01-02,63.51,63.77,63.77,64.25,64.08,64.1,63.8,63.8,63.39,63.81,64.3,65.6,65.66,65.4,65.63,66.3,65.92,65.81,65.15,65.4,65.51,66.3,66.53,66.82,66.74,66.9,,,
2018-01-03,63.84,63.51,63.77,63.77,64.25,64.08,64.1,63.8,63.8,63.39,63.81,64.3,65.6,65.66,65.4,65.63,66.3,65.92,65.81,65.15,65.4,65.51,66.3,66.53,66.82,66.74,,,
2018-01-04,62.74,63.84,63.51,63.77,63.77,64.25,64.08,64.1,63.8,63.8,63.39,63.81,64.3,65.6,65.66,65.4,65.63,66.3,65.92,65.81,65.15,65.4,65.51,66.3,66.53,66.82,,,
2018-01-05,62.69,62.74,63.84,63.51,63.77,63.77,64.25,64.08,64.1,63.8,63.8,63.39,63.81,64.3,65.6,65.66,65.4,65.63,66.3,65.92,65.81,65.15,65.4,65.51,66.3,66.53,,,
2018-01-08,63.11,62.69,62.74,63.84,63.51,63.77,63.77,64.25,64.08,64.1,63.8,63.8,63.39,63.81,64.3,65.6,65.66,65.4,65.63,66.3,65.92,65.81,65.15,65.4,65.51,66.3,,,
2018-01-09,62.35,63.11,62.69,62.74,63.84,63.51,63.77,63.77,64.25,64.08,64.1,63.8,63.8,63.39,63.81,64.3,65.6,65.66,65.4,65.63,66.3,65.92,65.81,65.15,65.4,65.51,,,
2018-01-10,61.46,62.35,63.11,62.69,62.74,63.84,63.51,63.77,63.77,64.25,64.08,64.1,63.8,63.8,63.39,63.81,64.3,65.6,65.66,65.4,65.63,66.3,65.92,65.81,65.15,65.4,,,
2018-01-11,60.96,61.46,62.35,63.11,62.69,62.74,63.84,63.51,63.77,63.77,64.25,64.08,64.1,63.8,63.8,63.39,63.81,64.3,65.6,65.66,65.4,65.63,66.3,65.92,65.81,65.15,,,
2018-01-12,60.42,60.96,61.46,62.35,63.11,62.69,62.74,63.84,63.51,63.77,63.77,64.25,64.08,64.1,63.8,63.8,63.39,63.81,64.3,65.6,65.66,65.4,65.63,66.3,65.92,65.81,,,
2018-01-15,60.42,60.42,60.96,61.46,62.35,63.11,62.69,62.74,63.84,63.51,63.77,63.77,64.25,64.08,64.1,63.8,63.8,63.39,63.81,64.3,65.6,65.66,65.4,65.63,66.3,65.92,,,
2018-01-16,60.67,60.42,60.42,60.96,61.46,62.35,63.11,62.69,62.74,63.84,63.51,63.77,63.77,64.25,64.08,64.1,63.8,63.8,63.39,63.81,64.3,65.6,65.66,65.4,65.63,66.3,,,
2018-01-17,60.85,60.67,60.42,60.42,60.96,61.46,62.35,63.11,62.69,62.74,63.84,63.51,63.77,63.77,64.25,64.08,64.1,63.8,63.8,63.39,63.81,64.3,65.6,65.66,65.4,65.63,,,
2018-01-18,60.45,60.85,60.67,60.42,60.42,60.96,61.46,62.35,63.11,62.69,62.74,63.84,63.51,63.77,63.77,64.25,64.08,64.1,63.8,63.8,63.39,63.81,64.3,65.6,65.66,65.4,,,
2018-01-19,60.47,60.45,60.85,60.67,60.42,60.42,60.96,61.46,62.35,63.11,62.69,62.74,63.84,63.51,63.77,63.77,64.25,64.08,64.1,63.8,63.8,63.39,63.81,64.3,65.6,65.66,,,
2018-01-22,61.18,60.47,60.45,60.85,60.67,60.42,60.42,60.96,61.46,62.35,63.11,62.69,62.74,63.84,63.51,63.77,63.77,64.25,64.08,64.1,63.8,63.8,63.39,63.81,64.3,65.6,,,
2018-01-23,61.79,61.18,60.47,60.45,60.85,60.67,60.42,60.42,60.96,61.46,62.35,63.11,62.69,62.74,63.84,63.51,63.77,63.77,64.25,64.08,64.1,63.8,63.8,63.39,63.81,64.3,,,
2018-01-24,61.44,61.79,61.18,60.47,60.45,60.85,60.67,60.42,60.42,60.96,61.46,62.35,63.11,62.69,62.74,63.84,63.51,63.77,63.77,64.25,64.08,64.1,63.8,63.8,63.39,63.81,,,
2018-01-25,61.21,61.44,61.79,61.18,60.47,60.45,60.85,60.67,60.42,60.42,60.96,61.46,62.35,63.11,62.69,62.74,63.84,63.51,63.77,63.77,64.25,64.08,64.1,63.8,63.8,63.39,,,
2018-01-26,61.54,61.21,61.44,61.79,61.18,60.47,60.45,60.85,60.67,60.42,60.42,60.96,61.46,62.35,63.11,62.69,62.74,63.84,63.51,63.77,63.77,64.25,64.08,64.1,63.8,63.8,,,
2018-01-29,61.21,61.54,61.21,61.44,61.79,61.18,60.47,60.45,60.85,60.67,60.42,60.42,60.96,61.46,62.35,63.11,62.69,62.74,63.84,63.51,63.77,63.77,64.25,64.08,64.1,63.8,,,
2018-01-30,60.57,61.21,61.54,61.21,61.44,61.79,61.18,60.47,60.45,60.85,60.67,60.42,60.42,60.96,61.46,62.35,63.11,62.69,62.74,63.84,63.51,63.77,63.77,64.25,64.08,64.1,,,
2018-01-31,61.61,60.57,61.21,61.54,61.21,61.44,61.79,61.18,60.47,60.45,60.85,60.67,60.42,60.42,60.96,61.46,62.35,63.11,62.69,62.74,63.84,63.51,63.77,63.77,64.25,64.08,,,
2018-02-01,60.33,61.61,60.57,61.21,61.54,61.21,61.44,61.79,61.18,60.47,60.45,60.85,60.67,60.42,60.42,60.96,61.46,62.35,63.11,62.69,62.74,63.84,63.51,63.77,63.77,64.25,,,
2018-02-02,59.95,60.33,61.61,60.57,61.21,61.54,61.21,61.44,61.79,61.18,60.47,60.45,60.85,60.67,60.42,60.42,60.96,61.46,62.35,63.11,62.69,62.74,63.84,63.51,63.77,63.77,,,
2018-02-05,58.05,59.95,60.33,61.61,60.57,61.21,61.54,61.21,61.44,61.79,61.18,60.47,60.45,60.85,60.67,60.42,60.42,60.96,61.46,62.35,63.11,62.69,62.74,63.84,63.51,63.77,,,
2018-02-06,57.71,58.05,59.95,60.33,61.61,60.57,61.21,61.54,61.21,61.44,61.79,61.18,60.47,60.45,60.85,60.67,60.42,60.42,60.96,61.46,62.35,63.11,62.69,62.74,63.84,63.51,,,
2018-02-07,56.86,57.71,58.05,59.95,60.33,61.61,60.57,61.21,61.54,61.21,61.44,61.79,61.18,60.47,60.45,60.85,60.67,60.42,60.42,60.96,61.46,62.35,63.11,62.69,62.74,63.84,,,
2018-02-08,55.26,56.86,57.71,58.05,59.95,60.33,61.61,60.57,61.21,61.54,61.21,61.44,61.79,61.18,60.47,60.45,60.85,60.67,60.42,60.42,60.96,61.46,62.35,63.11,62.69,62.74,,,
2018-02-09,56.65,55.26,56.86,57.71,58.05,59.95,60.33,61.61,60.57,61.21,61.54,61.21,61.44,61.79,61.18,60.47,60.45,60.85,60.67,60.42,60.42,60.96,61.46,62.35,63.11,62.69,,,
2018-02-12,56.61,56.65,55.26,56.86,57.71,58.05,59.95,60.33,61.61,60.57,61.21,61.54,61.21,61.44,61.79,61.18,60.47,60.45,60.85,60.67,60.42,60.42,60.96,61.46,62.35,63.11,,,
2018-02-13,56.99,56.61,56.65,55.26,56.86,57.71,58.05,59.95,60.33,61.61,60.57,61.21,61.54,61.21,61.44,61.79,61.18,60.47,60.45,60.85,60.67,60.42,60.42,60.96,61.46,62.35,,,
2018-02-14,56.67,56.99,56.61,56.65,55.26,56.86,57.71,58.05,59.95,60.33,61.61,60.57,61.21,61.54,61.21,61.44,61.79,61.18,60.47,60.45,60.85,60.67,60.42,60.42,60.96,61.46,,,
2018-02-15,57.91,56.67,56.99,56.61,56.65,55.26,56.86,57.71,58.05,59.95,60.33,61.61,60.57,61.21,61.54,61.21,61.44,61.79,61.18,60.47,60.45,60.85,60.67,60.42,60.42,60.96,,,
2018-02-16,57.97,57.91,56.67,56.99,56.61,56.65,55.26,56.86,57.71,58.05,59.95,60.33,61.61,60.57,61.21,61.54,61.21,61.44,61.79,61.18,60.47,60.45,60.85,60.67,60.42,60.42,,,
2018-02-19,57.97,57.97,57.91,56.67,56.99,56.61,56.65,55.26,56.86,57.71,58.05,59.95,60.33,61.61,60.57,61.21,61.54,61.21,61.44,61.79,61.18,60.47,60.45,60.85,60.67,60.42,,,
2018-02-20,57.64,57.97,57.97,57.91,56.67,56.99,56.61,56.65,55.26,56.86,57.71,58.05,59.95,60.33,61.61,60.57,61.21,61.54,61.21,61.44,61.79,61.18,60.47,60.45,60.85,60.67,,,
2018-02-21,55.87,57.64,57.97,57.97,57.91,56.67,56.99,56.61,56.65,55.26,56.86,57.71,58.05,59.95,60.33,61.61,60.57,61.21,61.54,61.21,61.44,61.79,61.18,60.47,60.45,60.85,,,
2018-02-22,56.17,55.87,57.64,57.97,57.97,57.91,56.67,56.99,56.61,56.65,55.26,56.86,57.71,58.05,59.95,60.33,61.61,60.57,61.21,61.54,61.21,61.44,61.79,61.18,60.47,60.45,,,
2018-02-23,56.99,56.17,55.87,57.64,57.97,57.97,57.91,56.67,56.99,56.61,56.65,55.26,56.86,57.71,58.05,59.95,60.33,61.61,60.57,61.21,61.54,61.21,61.44,61.79,61.18,60.47,,,
2018-02-26,57.13,56.99,56.17,55.87,57.64,57.97,57.97,57.91,56.67,56.99,56.61,56.65,55.26,56.86,57.71,58.05,59.95,60.33,61.61,60.57,61.21,61.54,61.21,61.44,61.79,61.18,,,
2018-02-27,55.83,57.13,56.99,56.17,55.87,57.64,57.97,57.97,57.91,56.67,56.99,56.61,56.65,55.26,56.86,57.71,58.05,59.95,60.33,61.61,60.57,61.21,61.54,61.21,61.44,61.79,,,
2018-02-28,56.23,55.83,57.13,56.99,56.17,55.87,57.64,57.97,57.97,57.91,56.67,56.99,56.61,56.65,55.26,56.86,57.71,58.05,59.95,60.33,61.61,60.57,61.21,61.54,61.21,61.44,,,
2018-03-01,56.32,56.23,55.83,57.13,56.99,56.17,55.87,57.64,57.97,57.97,57.91,56.67,56.99,56.61,56.65,55.26,56.86,57.71,58.05,59.95,60.33,61.61,60.57,61.21,61.54,61.21,,,
2018-03-02,55.96,56.32,56.23,55.83,57.13,56.99,56.17,55.87,57.64,57.97,57.97,57.91,56.67,56.99,56.61,56.65,55.26,56.86,57.71,58.05,59.95,60.33,61.61,60.57,61.21,61.54,,,
2018-03-05,56.47,55.96,56.32,56.23,55.83,57.13,56.99,56.17,55.87,57.64,57.97,57.97,57.91,56.67,56.99,56.61,56.65,55.26,56.86,57.71,58.05,59.95,60.33,61.61,60.57,61.21,,,
2018-03-06,56.89,56.47,55.96,56.32,56.23,55.83,57.13,56.99,56.17,55.87,57.64,57.97,57.97,57.91,56.67,56.99,56.61,56.65,55.26,56.86,57.71,58.05,59.95,60.33,61.61,60.57,,,
2018-03-07,57.83,56.89,56.47,55.96,56.32,56.23,55.83,57.13,56.99,56.17,55.87,57.64,57.97,57.97,57.91,56.67,56.99,56.61,56.65,55.26,56.86,57.71,58.05,59.95,60.33,61.61,,,
2018-03-08,58.27,57.83,56.89,56.47,55.96,56.32,56.23,55.83,57.13,56.99,56.17,55.87,57.64,57.97,57.97,57.91,56.67,56.99,56.61,56.65,55.26,56.86,57.71,58.05,59.95,60.33,,,
2018-03-09,59.51,58.27,57.83,56.89,56.47,55.96,56.32,56.23,55.83,57.13,56.99,56.17,55.87,57.64,57.97,57.97,57.91,56.67,56.99,56.61,56.65,55.26,56.86,57.71,58.05,59.95,,,
2018-03-12,59.5,59.51,58.27,57.83,56.89,56.47,55.96,56.32,56.23,55.83,57.13,56.99,56.17,55.87,57.64,57.97,57.97,57.91,56.67,56.99,56.61,56.65,55.26,56.86,57.71,58.05,,,
2018-03-13,59.37,59.5,59.51,58.27,57.83,56.89,56.47,55.96,56.32,56.23,55.83,57.13,56.99,56.17,55.87,57.64,57.97,57.97,57.91,56.67,56.99,56.61,56.65,55.26,56.86,57.71,,,
2018-03-14,59.54,59.37,59.5,59.51,58.27,57.83,56.89,56.47,55.96,56.32,56.23,55.83,57.13,56.99,56.17,55.87,57.64,57.97,57.97,57.91,56.67,56.99,56.61,56.65,55.26,56.86,,,
2018-03-15,59.72,59.54,59.37,59.5,59.51,58.27,57.83,56.89,56.47,55.96,56.32,56.23,55.83,57.13,56.99,56.17,55.87,57.64,57.97,57.97,57.91,56.67,56.99,56.61,56.65,55.26,,,
2018-03-16,60.23,59.72,59.54,59.37,59.5,59.51,58.27,57.83,56.89,56.47,55.96,56.32,56.23,55.83,57.13,56.99,56.17,55.87,57.64,57.97,57.97,57.91,56.67,56.99,56.61,56.65,,,
2018-03-19,60.32,60.23,59.72,59.54,59.37,59.5,59.51,58.27,57.83,56.89,56.47,55.96,56.32,56.23,55.83,57.13,56.99,56.17,55.87,57.64,57.97,57.97,57.91,56.67,56.99,56.61,,,
2018-03-20,60.27,60.32,60.23,59.72,59.54,59.37,59.5,59.51,58.27,57.83,56.89,56.47,55.96,56.32,56.23,55.83,57.13,56.99,56.17,55.87,57.64,57.97,57.97,57.91,56.67,56.99,,,
2018-03-21,60.13,60.27,60.32,60.23,59.72,59.54,59.37,59.5,59.51,58.27,57.83,56.89,56.47,55.96,56.32,56.23,55.83,57.13,56.99,56.17,55.87,57.64,57.97,57.97,57.91,56.67,,,
2018-03-22,59.75,60.13,60.27,60.32,60.23,59.72,59.54,59.37,59.5,59.51,58.27,57.83,56.89,56.47,55.96,56.32,56.23,55.83,57.13,56.99,56.17,55.87,57.64,57.97,57.97,57.91,,,
2018-03-23,58.36,59.75,60.13,60.27,60.32,60.23,59.72,59.54,59.37,59.5,59.51,58.27,57.83,56.89,56.47,55.96,56.32,56.23,55.83,57.13,56.99,56.17,55.87,57.64,57.97,57.97,,,
2018-03-26,58.98,58.36,59.75,60.13,60.27,60.32,60.23,59.72,59.54,59.37,59.5,59.51,58.27,57.83,56.89,56.47,55.96,56.32,56.23,55.83,57.13,56.99,56.17,55.87,57.64,57.97,,,
2018-03-27,59.35,58.98,58.36,59.75,60.13,60.27,60.32,60.23,59.72,59.54,59.37,59.5,59.51,58.27,57.83,56.89,56.47,55.96,56.32,56.23,55.83,57.13,56.99,56.17,55.87,57.64,,,
2018-03-28,61.55,59.35,58.98,58.36,59.75,60.13,60.27,60.32,60.23,59.72,59.54,59.37,59.5,59.51,58.27,57.83,56.89,56.47,55.96,56.32,56.23,55.83,57.13,56.99,56.17,55.87,,,
2018-03-29,61.62,61.55,59.35,58.98,58.36,59.75,60.13,60.27,60.32,60.23,59.72,59.54,59.37,59.5,59.51,58.27,57.83,56.89,56.47,55.96,56.32,56.23,55.83,57.13,56.99,56.17,,,
2018-03-30,61.62,61.62,61.55,59.35,58.98,58.36,59.75,60.13,60.27,60.32,60.23,59.72,59.54,59.37,59.5,59.51,58.27,57.83,56.89,56.47,55.96,56.32,56.23,55.83,57.13,56.99,,,
2018-04-02,61.04,61.62,61.62,61.55,59.35,58.98,58.36,59.75,60.13,60.27,60.32,60.23,59.72,59.54,59.37,59.5,59.51,58.27,57.83,56.89,56.47,55.96,56.32,56.23,55.83,57.13,0.0,1.0,0.0
2018-04-03,62.35,61.04,61.62,61.62,61.55,59.35,58.98,58.36,59.75,60.13,60.27,60.32,60.23,59.72,59.54,59.37,59.5,59.51,58.27,57.83,56.89,56.47,55.96,56.32,56.23,55.83,,,
2018-04-04,63.15,62.35,61.04,61.62,61.62,61.55,59.35,58.98,58.36,59.75,60.13,60.27,60.32,60.23,59.72,59.54,59.37,59.5,59.51,58.27,57.83,56.89,56.47,55.96,56.32,56.23,,,
2018-04-05,63.29,63.15,62.35,61.04,61.62,61.62,61.55,59.35,58.98,58.36,59.75,60.13,60.27,60.32,60.23,59.72,59.54,59.37,59.5,59.51,58.27,57.83,56.89,56.47,55.96,56.32,,,
2018-04-06,63.05,63.29,63.15,62.35,61.04,61.62,61.62,61.55,59.35,58.98,58.36,59.75,60.13,60.27,60.32,60.23,59.72,59.54,59.37,59.5,59.51,58.27,57.83,56.89,56.47,55.96,,,
2018-04-09,62.3,63.05,63.29,63.15,62.35,61.04,61.62,61.62,61.55,59.35,58.98,58.36,59.75,60.13,60.27,60.32,60.23,59.72,59.54,59.37,59.5,59.51,58.27,57.83,56.89,56.47,,,
2018-04-10,62.7,62.3,63.05,63.29,63.15,62.35,61.04,61.62,61.62,61.55,59.35,58.98,58.36,59.75,60.13,60.27,60.32,60.23,59.72,59.54,59.37,59.5,59.51,58.27,57.83,56.89,,,
2018-04-11,62.53,62.7,62.3,63.05,63.29,63.15,62.35,61.04,61.62,61.62,61.55,59.35,58.98,58.36,59.75,60.13,60.27,60.32,60.23,59.72,59.54,59.37,59.5,59.51,58.27,57.83,,,
2018-04-12,61.45,62.53,62.7,62.3,63.05,63.29,63.15,62.35,61.04,61.62,61.62,61.55,59.35,58.98,58.36,59.75,60.13,60.27,60.32,60.23,59.72,59.54,59.37,59.5,59.51,58.27,,,
2018-04-13,61.65,61.45,62.53,62.7,62.3,63.05,63.29,63.15,62.35,61.04,61.62,61.62,61.55,59.35,58.98,58.36,59.75,60.13,60.27,60.32,60.23,59.72,59.54,59.37,59.5,59.51,,,
2018-04-16,61.68,61.65,61.45,62.53,62.7,62.3,63.05,63.29,63.15,62.35,61.04,61.62,61.62,61.55,59.35,58.98,58.36,59.75,60.13,60.27,60.32,60.23,59.72,59.54,59.37,59.5,,,
2018-04-17,62.43,61.68,61.65,61.45,62.53,62.7,62.3,63.05,63.29,63.15,62.35,61.04,61.62,61.62,61.55,59.35,58.98,58.36,59.75,60.13,60.27,60.32,60.23,59.72,59.54,59.37,,,
2018-04-18,61.98,62.43,61.68,61.65,61.45,62.53,62.7,62.3,63.05,63.29,63.15,62.35,61.04,61.62,61.62,61.55,59.35,58.98,58.36,59.75,60.13,60.27,60.32,60.23,59.72,59.54,,,
2018-04-19,60.7,61.98,62.43,61.68,61.65,61.45,62.53,62.7,62.3,63.05,63.29,63.15,62.35,61.04,61.62,61.62,61.55,59.35,58.98,58.36,59.75,60.13,60.27,60.32,60.23,59.72,,,
2018-04-20,60.11,60.7,61.98,62.43,61.68,61.65,61.45,62.53,62.7,62.3,63.05,63.29,63.15,62.35,61.04,61.62,61.62,61.55,59.35,58.98,58.36,59.75,60.13,60.27,60.32,60.23,,,
2018-04-23,60.41,60.11,60.7,61.98,62.43,61.68,61.65,61.45,62.53,62.7,62.3,63.05,63.29,63.15,62.35,61.04,61.62,61.62,61.55,59.35,58.98,58.36,59.75,60.13,60.27,60.32,,,
2018-04-24,60.71,60.41,60.11,60.7,61.98,62.43,61.68,61.65,61.45,62.53,62.7,62.3,63.05,63.29,63.15,62.35,61.04,61.62,61.62,61.55,59.35,58.98,58.36,59.75,60.13,60.27,,,
2018-04-25,60.31,60.71,60.41,60.11,60.7,61.98,62.43,61.68,61.65,61.45,62.53,62.7,62.3,63.05,63.29,63.15,62.35,61.04,61.62,61.62,61.55,59.35,58.98,58.36,59.75,60.13,,,
2018-04-26,61.13,60.31,60.71,60.41,60.11,60.7,61.98,62.43,61.68,61.65,61.45,62.53,62.7,62.3,63.05,63.29,63.15,62.35,61.04,61.62,61.62,61.55,59.35,58.98,58.36,59.75,,,
2018-04-27,61.95,61.13,60.31,60.71,60.41,60.11,60.7,61.98,62.43,61.68,61.65,61.45,62.53,62.7,62.3,63.05,63.29,63.15,62.35,61.04,61.62,61.62,61.55,59.35,58.98,58.36,,,
2018-04-30,61.71,61.95,61.13,60.31,60.71,60.41,60.11,60.7,61.98,62.43,61.68,61.65,61.45,62.53,62.7,62.3,63.05,63.29,63.15,62.35,61.04,61.62,61.62,61.55,59.35,58.98,,,
2018-05-01,62.22,61.71,61.95,61.13,60.31,60.71,60.41,60.11,60.7,61.98,62.43,61.68,61.65,61.45,62.53,62.7,62.3,63.05,63.29,63.15,62.35,61.04,61.62,61.62,61.55,59.35,,,
2018-05-02,61.51,62.22,61.71,61.95,61.13,60.31,60.71,60.41,60.11,60.7,61.98,62.43,61.68,61.65,61.45,62.53,62.7,62.3,63.05,63.29,63.15,62.35,61.04,61.62,61.62,61.55,,,
2018-05-03,61.6,61.51,62.22,61.71,61.95,61.13,60.31,60.71,60.41,60.11,60.7,61.98,62.43,61.68,61.65,61.45,62.53,62.7,62.3,63.05,63.29,63.15,62.35,61.04,61.62,61.62,,,
2018-05-04,62.1,61.6,61.51,62.22,61.71,61.95,61.13,60.31,60.71,60.41,60.11,60.7,61.98,62.43,61.68,61.65,61.45,62.53,62.7,62.3,63.05,63.29,63.15,62.35,61.04,61.62,,,
2018-05-07,62.5,62.1,61.6,61.51,62.22,61.71,61.95,61.13,60.31,60.71,60.41,60.11,60.7,61.98,62.43,61.68,61.65,61.45,62.53,62.7,62.3,63.05,63.29,63.15,62.35,61.04,,,
